{"AAE":[36.822201,7.80917],"ABJ":[5.26139,-3.92629],"ABQ":[35.040199,-106.609001],"ACC":[5.60519,-0.166786],"ADB":[38.2924,27.157],"ADD":[8.97789,38.799301],"ADL":[-34.945,138.531006],"AGR":[27.1558,77.960899],"AKL":[-37.008099,174.792007],"AKX":[50.2458,57.206699],"ALA":[43.3521,77.040497],"ALG":[36.691002,3.21541],"AMD":[23.0772,72.634697],"AMM":[31.722601,35.993198],"AMS":[52.308601,4.76389],"ANC":[61.1744,-149.996002],"ARI":[-18.348499,-70.338699],"ARN":[59.651901,17.9186],"ARU":[-21.1413,-50.424702],"ASK":[6.90317,-5.36558],"ASU":[-25.24,-57.52],"ATH":[37.936401,23.9445],"ATL":[33.6367,-84.428101],"AUS":[30.1945,-97.669899],"BAH":[26.2708,50.633598],"BAQ":[10.8896,-74.7808],"BBI":[20.251021,85.814747],"BCN":[41.2971,2.07846],"BEG":[44.818401,20.309099],"BEL":[-1.37925,-48.476299],"BEY":[33.8209,35.4884],"BGI":[13.0746,-59.4925],"BGR":[44.8074,-68.828102],"BGW":[33.262501,44.2346],"BHY":[21.538659,109.293683],"BKK":[13.6811,100.747002],"BLR":[13.1979,77.706299],"BNA":[36.1245,-86.6782],"BNE":[-27.384199,153.117004],"BNU":[-26.830601,-49.090302],"BOD":[44.8283,-0.715556],"BOG":[4.70159,-74.1469],"BOM":[19.088699,72.867897],"BOS":[42.3643,-71.005203],"BRU":[50.901402,4.48444],"BSB":[-15.869167,-47.920834],"BSR":[30.549101,47.662102],"BTS":[48.1702,17.2127],"BUD":[47.436901,19.2556],"BUF":[42.940498,-78.732201],"BWN":[4.9442,114.928001],"CAI":[30.121901,31.4056],"CAN":[23.392401,113.299004],"CAW":[-21.698299,-41.301701],"CBR":[-35.3069,149.195007],"CCP":[-36.772701,-73.063103],"CCU":[22.654699,88.446701],"CDG":[49.012798,2.55],"CEB":[10.3075,123.978996],"CFC":[-26.7762,-51.0125],"CGB":[-15.6529,-56.116699],"CGD":[28.9189,111.639999],"CGK":[-6.12557,106.655998],"CGO":[34.526497,113.849165],"CGP":[22.249599,91.813301],"CGY":[8.41562,124.611],"CHC":[-43.489399,172.531998],"CJB":[11.03,77.043404],"CKG":[29.712254,106.651895],"CLE":[41.411701,-81.8498],"CLO":[3.54322,-76.3816],"CLT":[35.214001,-80.9431],"CMB":[7.18076,79.884102],"CMH":[39.998001,-82.891899],"CNF":[-19.624443,-43.971943],"CNN":[11.92,75.55],"CNX":[18.7668,98.962601],"COK":[10.152,76.401901],"COR":[-31.323601,-64.208],"CPH":[55.617901,12.656],"CPT":[-33.964802,18.6017],"CRK":[15.186,120.559998],"CSX":[28.189199,113.220001],"CTU":[30.558257,103.945966],"CWB":[-25.5285,-49.1758],"CZL":[36.276001,6.62039],"CZX":[31.920485,119.77546],"DAC":[23.843347,90.397783],"DAD":[16.0439,108.198997],"DAR":[-6.87811,39.202599],"DEL":[28.5665,77.103104],"DEN":[39.861698,-104.672997],"DFW":[32.896801,-97.038002],"DKR":[14.7397,-17.4902],"DLC":[38.965719,121.538477],"DME":[55.408798,37.9063],"DMM":[26.471201,49.797901],"DOH":[25.260595,51.613767],"DPS":[-8.74817,115.167],"DTW":[42.212399,-83.353401],"DUB":[53.421299,-6.27007],"DUR":[-29.614444,31.119722],"DUS":[51.289501,6.76678],"DXB":[25.2528,55.364399],"EBB":[0.042386,32.443501],"EBL":[36.237598,43.9632],"EDI":[55.950145,-3.372288],"EVN":[40.147301,44.395901],"EWR":[40.692501,-74.168701],"EZE":[-34.8222,-58.5358],"FCO":[41.804501,12.2508],"FIH":[-4.38575,15.4446],"FLN":[-27.670279,-48.552502],"FOC":[25.929254,119.672524],"FOR":[-3.77628,-38.5326],"FRA":[50.026402,8.54313],"FRU":[43.061272,74.477508],"FSD":[43.582001,-96.741898],"FUK":[33.585899,130.451004],"FUO":[23.0825,113.070833],"GBE":[-24.555201,25.9182],"GDL":[20.521799,-103.310997],"GEO":[6.49855,-58.254101],"GIG":[-22.809999,-43.250557],"GND":[12.0042,-61.786201],"GOT":[57.6628,12.2798],"GRU":[-23.435556,-46.473057],"GUA":[14.5833,-90.527496],"GUM":[13.4834,144.796005],"GVA":[46.238098,6.10895],"GYD":[40.467499,50.0467],"GYE":[-2.15742,-79.883598],"GYN":[-16.632,-49.220699],"HAK":[19.9349,110.459],"HAM":[53.630402,9.98823],"HAN":[21.221201,105.806999],"HBA":[-42.836102,147.509995],"HEL":[60.3172,24.963301],"HFA":[32.809399,35.043098],"HFE":[31.98779,116.9769],"HGH":[30.23609,120.428865],"HKG":[22.308901,113.915001],"HNL":[21.318701,-157.921997],"HRE":[-17.931801,31.0928],"HYD":[17.231318,78.429855],"HYN":[28.562201,121.429001],"IAD":[38.9445,-77.455803],"IAH":[29.9844,-95.3414],"ICN":[37.469101,126.450996],"IND":[39.7173,-86.294403],"ISB":[33.616699,73.099197],"IST":[41.262222,28.727778],"ISU":[35.561749,45.316738],"ITJ":[-26.983055,-48.816387],"IXC":[30.6735,76.788498],"JAX":[30.494101,-81.687897],"JDO":[-7.21896,-39.2701],"JED":[21.6796,39.156502],"JHB":[1.64131,103.669998],"JIB":[11.5473,43.1595],"JNB":[-26.133333,28.25],"JOG":[-7.78818,110.431999],"JOI":[-26.224501,-48.797401],"JSR":[23.1838,89.160797],"JXG":[30.698056,120.663056],"KBP":[50.345001,30.894699],"KCH":[1.4847,110.347],"KEF":[63.985001,-22.6056],"KGL":[-1.96863,30.1395],"KHH":[22.577101,120.349998],"KHI":[24.9065,67.160797],"KHN":[28.864815,115.90271],"KIN":[17.935699,-76.787498],"KIV":[null,null],"KIX":[34.427299,135.244003],"KJA":[56.172901,92.493301],"KMG":[25.110313,102.936743],"KNU":[26.399462,80.42695],"KTM":[27.6966,85.3591],"KUL":[2.74558,101.709999],"KWE":[26.541805,106.80402],"KWI":[29.226601,47.968899],"LAD":[-8.85837,13.2312],"LAS":[36.080101,-115.152],"LAX":[33.942501,-118.407997],"LCA":[34.875099,33.624901],"LED":[59.800301,30.262501],"LHE":[31.521601,74.403603],"LHR":[51.4706,-0.461941],"LHW":[36.515202,103.620003],"LIM":[-12.0219,-77.114304],"LIS":[38.7813,-9.13592],"LLK":[38.746399,48.818001],"LLW":[-13.7894,33.780998],"LOCAL":[null,null],"LOS":[6.57737,3.32116],"LPB":[-16.5133,-68.192299],"LUN":[-15.3308,28.4526],"LUX":[49.626598,6.21152],"LYS":[45.726398,5.09083],"MAA":[12.990005,80.169296],"MAD":[40.4936,-3.56676],"MAN":[53.353699,-2.27495],"MAO":[-3.03861,-60.049702],"MBA":[-4.03483,39.5942],"MCI":[39.2976,-94.713898],"MCT":[23.5933,58.284401],"MDE":[6.16454,-75.4231],"MEL":[-37.673302,144.843002],"MEM":[35.0424,-89.9767],"MEX":[19.4363,-99.072098],"MFE":[26.176141,-98.237965],"MFM":[22.149599,113.592003],"MIA":[25.7932,-80.290604],"MLA":[35.857498,14.4775],"MLE":[4.19183,73.529099],"MLG":[-7.92656,112.714996],"MNL":[14.5086,121.019997],"MPM":[-25.920799,32.572601],"MRS":[43.439272,5.221424],"MRU":[-20.430201,57.683601],"MSP":[44.882,-93.221802],"MSQ":[53.8825,28.030701],"MUC":[48.353802,11.7861],"MXP":[45.6306,8.72811],"NAG":[21.092199,79.047203],"NBO":[-1.31924,36.927799],"NJF":[31.989722,44.404167],"NNG":[22.598071,108.181922],"NOU":[-22.014601,166.212997],"NQN":[-38.949001,-68.155701],"NQZ":[51.022202,71.466904],"NRT":[35.764702,140.386002],"NVT":[-26.879999,-48.651402],"OKA":[26.195801,127.646004],"OKC":[35.393101,-97.6007],"OMA":[41.3032,-95.894096],"ORD":[41.9786,-87.9048],"ORF":[36.8946,-76.201202],"ORK":[51.841301,-8.49111],"ORN":[35.623901,-0.621183],"OSL":[60.193901,11.1004],"OTP":[44.572201,26.1022],"OUA":[12.3532,-1.51242],"PAT":[25.591299,85.087997],"PBH":[27.4032,89.424599],"PBM":[5.45283,-55.187801],"PDX":[45.588699,-122.598],"PER":[-31.9403,115.967003],"PHL":[39.871899,-75.241096],"PHX":[33.434299,-112.012001],"PIT":[40.491501,-80.232903],"PKX":[39.501289,116.413967],"PMO":[38.175999,13.091],"PMW":[-10.2915,-48.356998],"PNH":[11.5466,104.844002],"POA":[-29.9944,-51.171398],"POS":[10.5954,-61.3372],"PPT":[-17.553699,-149.606995],"PRG":[50.1008,14.26],"PTY":[9.07136,-79.383499],"QRO":[20.6173,-100.185997],"QWJ":[-22.738,-47.334],"RAO":[-21.136389,-47.776669],"RDU":[35.877602,-78.787498],"REC":[-8.12649,-34.923599],"RIC":[37.505199,-77.319702],"RIX":[56.923599,23.9711],"RUH":[24.9576,46.698799],"RUN":[-20.8871,55.5103],"SAN":[32.733601,-117.190002],"SAP":[15.4526,-87.923599],"SAT":[29.533701,-98.469803],"SCL":[-33.393002,-70.785797],"SDQ":[18.429701,-69.6689],"SEA":[47.449001,-122.308998],"SFO":[37.618999,-122.375],"SGN":[10.8188,106.652],"SHA":[31.198104,121.33426],"SIN":[1.35019,103.994003],"SJC":[37.362598,-121.929001],"SJK":[-23.2292,-45.8615],"SJO":[9.99386,-84.208801],"SJP":[-20.816601,-49.406502],"SJU":[18.4394,-66.001801],"SJW":[38.280701,114.696999],"SKG":[40.519699,22.9709],"SKP":[41.961601,21.621401],"SLC":[40.788399,-111.977997],"SMF":[38.6954,-121.591003],"SOD":[-23.478001,-47.490002],"SOF":[42.696693,23.411436],"SSA":[-12.068355,-45.711454],"STI":[19.406099,-70.604698],